DateKey,metered_consumption,peak_demand
20180101,636.3860000000001,37.225
20180102,725.755,40.93
20180103,747.274,40.436
20180104,741.5509999999996,42.618
20180105,689.5090000000002,42.918
20180106,874.8630000000002,62.061
20180107,635.6659999999998,37.529
20180108,696.0699999999998,39.328
20180109,1465.8250000000003,80.87100000000001
20180110,1623.697,98.414
20180111,1102.784,68.087
20180112,684.6739999999999,41.824
20180113,619.305,41.929
20180114,751.7100000000002,47.547
20180115,854.3159999999999,52.392
20180116,759.8329999999999,48.008
20180117,819.352,53.903
20180118,895.3120000000002,51.43
20180119,1031.7070000000003,66.049
20180120,802.714,51.115
20180121,756.3139999999999,47.671
20180122,856.1490000000002,56.886
20180123,792.5480000000002,51.372
20180124,772.5800000000003,48.151
20180125,762.346,45.72
20180126,745.2690000000001,47.829
20180127,734.3090000000001,47.544
20180128,965.5489999999996,67.086
20180129,1206.5020000000002,73.683
20180130,782.671,48.802
20180131,787.9889999999999,49.303
20180201,823.0349999999999,49.239
20180202,791.032,52.373
20180203,763.7120000000002,49.827
20180204,676.2669999999998,47.235
20180205,846.9120000000001,50.267
20180206,880.463,63.579
20180207,1024.2279999999996,65.5
20180208,925.2340000000003,54.425
20180209,1607.6259999999995,85.021
20180210,1267.2600000000004,79.363
20180211,983.2669999999996,59.966
20180212,708.986,46.06399999999999
20180213,886.352,55.79
20180214,835.3120000000002,55.154
20180215,805.6350000000001,50.088
20180216,768.1489999999999,47.844
20180217,629.0709999999998,36.757
20180218,607.549,41.566
20180219,801.2710000000002,46.506
20180220,830.5879999999995,57.481
20180221,875.2300000000001,51.7
20180222,873.9109999999996,54.462
20180223,820.6339999999999,51.77
20180224,844.5490000000002,52.768
20180225,654.549,43.074
20180226,832.876,47.322
20180227,870.743,47.277
20180228,892.1150000000001,52.201
20180301,854.435,46.518
20180302,748.9940000000001,43.319
20180303,707.6350000000001,48.75
20180304,623.626,39.506
20180305,808.1549999999999,47.619
20180306,833.0729999999998,49.529
20180307,813.6760000000004,47.233
20180308,801.8650000000002,49.305
20180309,2102.306,119.215
20180310,1131.8229999999994,69.889
20180311,894.1900000000002,48.413000000000004
20180312,1029.3920000000005,73.906
20180313,814.073,47.293
20180314,833.8730000000004,45.947
20180315,855.915,49.17
20180316,775.0349999999999,44.783
20180317,741.1510000000004,46.388
20180318,675.5459999999997,40.288
20180319,827.668,48.658
20180320,828.5560000000002,53.669
20180321,920.9470000000003,62.238
20180322,927.9900000000005,70.095
20180323,851.1919999999997,52.071
20180324,689.9860000000003,45.868
20180325,708.5869999999999,44.156
20180326,995.5870000000003,61.16
20180327,964.7500000000002,57.339
20180328,894.2719999999998,48.066
20180329,788.8340000000001,46.07
20180330,755.1529999999997,47.21
20180331,638.1899999999997,44.745
20180401,690.6289999999999,46.721
20180402,731.3509999999998,48.298
20180403,731.631,46.682
20180404,867.3140000000001,49.535
20180405,902.0220000000002,51.704
20180406,851.233,53.711
20180407,771.1130000000002,48.63
20180408,805.4360000000004,41.445
20180409,1979.0269999999994,123.146
20180410,1352.3400000000001,81.726
20180411,932.4290000000003,59.873000000000005
20180412,866.7899999999996,56.184
20180413,778.196,45.403
20180414,857.0280000000001,59.401
20180415,961.8280000000002,66.892
20180416,1227.5800000000002,77.123
20180417,1341.7909999999995,86.041
20180418,1283.3000000000004,69.877
20180419,1123.025,62.855
20180420,977.6250000000001,55.513
20180421,791.474,44.864
20180422,803.991,50.681
20180423,1069.9859999999999,68.403
20180424,910.2279999999998,55.169
20180425,796.1129999999998,47.277
20180426,1004.703,62.394
20180427,1034.3460000000002,60.978
20180428,976.3869999999998,56.767
20180429,940.7520000000001,60.671
20180430,1395.2140000000006,82.36
20180501,1615.8320000000006,89.687
20180502,1457.304,94.904
20180503,1252.152,87.727
20180504,1345.6980000000008,85.825
20180505,1153.578,66.619
20180506,1177.4250000000002,68.124
20180507,1419.459,78.653
20180508,1378.6260000000004,80.753
20180509,1692.7460000000003,100.87299999999999
20180510,1245.9019999999994,78.91
20180511,1043.7490000000003,58.818000000000005
20180512,874.2740000000002,51.111999999999995
20180513,1207.8140000000003,74.744
20180514,1746.666,101.474
20180515,1944.508,106.11
20180516,1881.9879999999998,96.549
20180517,1705.9440000000002,102.251
20180518,1584.2230000000004,94.167
20180519,1189.4660000000003,68.391
20180520,1029.2640000000004,57.912
20180521,1647.9840000000002,102.549
20180522,1626.184,95.74
20180523,1658.3480000000004,89.903
20180524,1534.943,78.79
20180525,1421.0650000000003,81.364
20180526,1059.1040000000005,64.802
20180527,979.0310000000002,58.087
20180528,1402.8609999999999,83.908
20180529,1355.3420000000003,73.786
20180530,1461.3029999999999,82.081
20180531,1567.7809999999995,86.865
20180601,1643.7490000000007,86.566
20180602,1328.6170000000002,69.307
20180603,1311.455,75.135
20180604,1655.506,96.535
20180605,1740.9430000000004,102.554
20180606,1724.145,100.286
20180607,1714.345,101.349
20180608,1498.1410000000008,79.425
20180609,1517.496999999999,96.4
20180610,1022.4240000000003,67.85600000000001
20180611,1095.705,74.361
20180612,902.5140000000005,57.345
20180613,1795.5880000000002,111.169
20180614,1786.9480000000005,96.846
20180615,1745.9450000000004,90.735
20180616,1473.741,73.136
20180617,1395.8620000000003,76.676
20180618,1938.0650000000007,106.262
20180619,1884.1490000000003,104.3
20180620,2024.7800000000002,140.903
20180623,1551.6640000000007,80.943
20180624,1540.982,78.823
20180625,2164.461,117.944
20180626,2134.55,108.794
20180627,2005.6300000000006,110.632
20180628,1942.9849999999992,103.882
20180629,1910.7469999999998,95.607
20180630,1787.187000000001,89.305
20180701,1877.9479999999992,94.568
20180704,1959.3499999999995,122.16
20180705,1799.342000000001,102.643
20180706,1660.6989999999996,92.622
20180707,1406.5369999999996,74.741
20180708,1395.7780000000005,73.966
20180709,1469.5110000000006,77.435
20180710,1063.745,60.047
20180711,1182.461,70.413
20180712,1243.5790000000004,84.92200000000001
20180713,1970.4260000000004,107.066
20180714,1764.1439999999998,91.975
20180715,1917.3419999999999,98.38
20180720,2100.5420000000004,111.557
20180721,1819.5420000000008,86.297
20180722,1681.4270000000001,92.597
20180725,2033.3900000000003,113.471
20180726,1928.4200000000003,104.177
20180727,1979.7390000000003,100.35
20180728,1709.108,85.948
20180729,1844.5089999999998,106.971
20180731,2186.7440000000006,121.313
20180801,2057.504,108.596
20180802,2082.944,125.597
20180803,1890.2590000000005,105.662
20180804,1774.2230000000009,97.592
20180805,1760.7100000000007,98.499
20180809,1388.7819999999997,72.543
20180810,1165.6219999999996,67.064
20180811,1315.3789999999995,75.282
20180812,866.7550000000003,46.063
20180814,2151.1890000000008,125.478
20180815,2045.6270000000002,120.345
20180817,2152.9849999999997,120.039
20180818,1983.5479999999998,97.772
20180823,2067.3760000000007,128.25799999999998
20180824,1929.059999999999,115.536
20180825,1591.9789999999996,79.175
20180826,1564.6230000000003,84.262
20180828,2148.229000000001,131.314
20180829,2171.3759999999997,148.939
20180830,1999.336,136.601
20180831,1706.2269999999996,101.62
20180901,1465.825000000001,80.871
20180902,1607.6260000000002,85.021
20180903,2102.3060000000014,119.215
20180904,1979.0269999999996,123.146
20180905,1692.7459999999999,100.873
20180906,1517.4970000000005,96.4
20180907,1469.5110000000004,77.435
20180908,1388.7819999999995,72.543
20180909,1355.2700000000007,76.465
20180910,1242.4630000000006,74.351
20180911,1250.6599999999999,77.38600000000001
20180912,772.6329999999999,42.972
20180913,1483.0199999999998,89.289
20180914,1415.9019999999998,81.73100000000001
20180915,1328.7470000000005,77.07300000000001
20180916,1583.1880000000008,78.309
20180917,1823.9470000000003,111.93799999999999
20180918,1674.0970000000007,107.432
20180919,1688.948,101.76700000000001
20180920,1962.0590000000002,117.905
20180921,1597.0669999999998,93.98200000000001
20180922,1185.946,66.24
20180923,1198.6979999999996,69.487
20180924,1708.1860000000001,110.9
20180925,1705.0699999999997,100.148
20180926,1617.5380000000007,101.279
20180927,1241.3010000000004,71.862
20180928,1244.261,65.391
20180929,1219.3799999999999,68.447
20180930,1210.018,63.099
20181001,1623.6970000000003,98.414
20181002,1267.2600000000004,79.363
20181003,1131.8230000000003,69.889
20181004,1352.3399999999997,81.726
20181005,1245.9020000000005,78.91
20181006,1022.4240000000005,67.856
20181007,1063.745,60.047
20181008,2114.4249999999997,113.98200000000001
20181009,1598.1830000000007,93.09700000000001
20181010,1487.7019999999993,88.37100000000001
20181011,1026.739,56.365
20181012,839.391,47.45399999999999
20181013,995.6640000000001,55.937
20181014,987.7059999999999,53.869
20181015,986.2299999999997,56.227
20181016,1011.303,56.038999999999994
20181017,970.6310000000004,56.82
20181018,1079.4620000000002,68.431
20181019,1035.584,56.52
20181020,1048.706,63.163999999999994
20181021,1199.9800000000005,64.945
20181022,1256.6310000000003,75.528
20181023,1251.1799999999998,70.482
20181024,1521.8990000000008,87.96
20181025,1430.0580000000002,84.75200000000001
20181026,1346.7019999999998,87.889
20181027,1164.787000000001,64.42399999999999
20181028,1364.858,78.861
20181029,1510.9400000000012,80.748
20181030,1281.3389999999997,73.2
20181031,1295.1409999999998,79.443
20181101,1102.7839999999999,68.087
20181102,983.2669999999995,59.966
20181103,894.1900000000004,48.413
20181104,932.4290000000002,59.873
20181105,1043.749,58.818
20181106,1095.7050000000002,74.361
20181107,1182.4610000000002,70.413
20181108,1783.3830000000003,106.14
20181109,1489.0570000000002,103.734
20181110,1480.383,91.919
20181111,1074.1090000000004,65.271
20181112,772.955,47.224
20181113,942.0699999999998,54.223
20181114,1015.8230000000003,60.308
20181115,1066.7420000000009,57.161
20181116,1018.902,57.93
20181117,962.708,55.263000000000005
20181118,952.629,55.012
20181119,952.1509999999996,58.646
20181120,865.6310000000002,56.34
20181121,860.1920000000002,49.99100000000001
20181122,963.8310000000001,58.29
20181123,1212.54,74.399
20181124,1181.2680000000003,61.795
20181125,1075.304,61.535
20181126,1237.3769999999997,72.82
20181127,1077.908,70.068
20181128,997.4690000000002,58.207
20181129,1005.8289999999998,61.32899999999999
20181130,848.1959999999999,50.211999999999996
20181201,684.6740000000001,41.824
20181202,708.9859999999998,46.064
20181203,1029.3920000000005,73.906
20181204,866.7899999999996,56.184
20181205,874.274,51.112
20181206,902.5140000000005,57.345
20181207,1243.5790000000004,84.922
20181208,2016.9049999999995,107.176
20181209,1400.661,77.319
20181210,1129.1010000000003,59.973
20181211,1112.661,56.846000000000004
20181212,916.8270000000002,69.381
20181213,815.99,44.823
20181214,768.1080000000006,47.812
20181215,633.5109999999999,37.472
20181216,667.5039999999999,43.278
20181217,750.6320000000003,41.381
20181218,804.0729999999999,53.608000000000004
20181219,766.7530000000003,48.586000000000006
20181220,732.1930000000001,42.38
20181221,749.3929999999999,53.733000000000004
20181222,673.427,45.99100000000001
20181223,626.5099999999999,38.884
20181224,584.9409999999999,39.001
20181225,520.3510000000001,36.794000000000004
20181226,545.0320000000003,38.221
20181227,645.028,48.245
20181228,678.903,45.288000000000004
20181229,598.271,40.086
20181230,610.5480000000001,39.013000000000005
20181231,528.225,34.304
20190101,584.1040000000002,35.721
20190102,880.2329999999998,58.803999999999995
20190103,999.5890000000002,58.216
20190104,1332.7829999999994,89.052
20190105,1245.8609999999999,80.758
20190106,1385.9500000000003,78.973
20190108,1669.427,113.647
20190109,1295.7820000000004,80.27199999999999
20190110,1316.626,87.311
20190111,911.986,53.823
20190112,913.3009999999999,62.891000000000005
20190113,838.868,63.082
20190114,1107.8310000000001,63.15
20190115,1054.3439999999998,63.605
20190116,995.2690000000002,56.841
20190117,1026.113,55.958
20190118,934.9490000000001,61.504
20190119,811.828,46.838
20190120,801.0720000000001,49.961000000000006
20190121,945.1910000000005,53.841
20190122,1001.0199999999999,55.501000000000005
20190123,922.4709999999999,52.687
20190124,1030.3880000000001,61.483000000000004
20190125,1074.4980000000005,62.79
20190126,765.3959999999998,49.468999999999994
20190127,694.5919999999999,39.548
20190128,782.473,48.49100000000001
20190129,1054.7069999999999,74.10300000000001
20190130,994.1890000000001,58.788000000000004
20190131,878.7860000000003,49.985
20190201,713.8680000000004,41.577
20190202,817.8760000000002,54.181999999999995
20190203,846.9920000000001,51.687
20190204,1358.7399999999998,90.49600000000001
20190205,1139.1100000000001,62.138000000000005
20190206,1383.1819999999996,76.65100000000001
20190207,2043.1039999999991,120.40899999999999
20190208,1670.7050000000002,102.675
20190209,1563.586,95.47200000000001
20190210,1079.6250000000005,64.896
20190211,755.7910000000003,50.07
20190212,1354.1919999999998,94.84700000000001
20190213,946.4670000000004,55.79600000000001
20190214,918.0270000000006,54.081
20190215,837.5919999999999,52.809
20190216,690.1509999999997,42.226000000000006
20190217,718.943,48.196999999999996
20190218,904.0270000000004,54.242
20190219,871.7120000000001,50.275
20190220,876.4710000000001,51.43
20190221,894.5510000000003,53.206
20190222,851.273,49.445
20190223,680.27,40.073
20190224,696.5429999999999,50.992
20190225,856.7520000000003,45.17
20190226,853.1010000000001,51.136
20190227,777.3149999999997,47.321000000000005
20190228,929.3520000000002,60.233999999999995
20190301,783.838,45.548
20190302,889.4330000000001,52.309
20190303,816.7890000000001,54.213
20190304,1151.6229999999996,66.055
20190305,1161.105,73.385
20190306,1873.184,107.615
20190307,1791.6999999999998,114.64399999999999
20190308,1250.7050000000006,78.69800000000001
20190309,1182.1039999999998,77.327
20190310,893.3130000000001,51.086999999999996
20190311,738.6339999999999,53.129
20190312,1150.347,65.96
20190313,1062.546,68.087
20190314,991.0670000000001,57.611000000000004
20190315,1024.388,58.315
20190316,827.2700000000003,55.505
20190317,845.2309999999999,55.038999999999994
20190318,961.027,60.199
20190319,918.1510000000001,57.851000000000006
20190320,961.7020000000002,57.231
20190321,986.1469999999995,58.187
20190322,914.9520000000002,57.895
20190323,753.233,43.37
20190324,789.5910000000002,49.986999999999995
20190325,959.3549999999999,55.17100000000001
20190326,952.5850000000003,55.104
20190327,958.0680000000003,55.961000000000006
20190328,909.6280000000006,50.178000000000004
20190329,876.5910000000005,53.29
20190330,827.5530000000002,53.852
20190331,936.3850000000001,60.621
20190401,817.398,48.515
20190402,924.8739999999999,53.42
20190403,989.6239999999999,58.29
20190404,1261.0579999999998,81.472
20190405,943.6720000000003,57.93
20190406,1902.8999999999999,119.03
20190407,1809.9780000000003,103.736
20190408,1597.3860000000002,81.569
20190409,1255.8239999999998,91.016
20190410,1026.0629999999999,63.269
20190411,1054.2240000000004,65.199
20190412,1001.7040000000002,65.693
20190413,985.1070000000001,67.07600000000001
20190414,903.1919999999999,52.725
20190415,1130.5819999999999,67.679
20190416,1042.9460000000001,59.761
20190417,1035.5069999999998,58.57899999999999
20190418,983.3870000000005,63.721000000000004
20190419,908.2689999999999,56.349
20190420,861.3150000000002,52.153
20190421,855.7960000000004,65.77
20190422,963.7489999999997,57.443000000000005
20190423,937.9899999999998,59.318000000000005
20190424,1092.1060000000004,69.164
20190425,1044.5860000000002,66.204
20190426,1210.296,76.465
20190427,1145.0670000000005,68.168
20190428,1247.2579999999998,81.431
20190429,1503.1430000000007,85.63799999999999
20190430,1306.3759999999997,82.061
20190501,605.9889999999998,37.036
20190502,846.7520000000001,45.817
20190503,959.714,55.143
20190504,1029.6270000000002,59.258
20190505,1064.3029999999994,68.087
20190506,1925.0220000000006,113.574
20190507,1830.6270000000002,108.803
20190508,2046.747,125.73700000000001
20190509,1216.0679999999995,81.96700000000001
20190510,880.4340000000002,49.998000000000005
20190511,1167.4680000000003,86.14299999999999
20190512,887.4290000000004,55.92100000000001
20190513,1576.7060000000001,96.21
20190514,1441.5819999999997,80.47
20190515,1631.1500000000003,88.84100000000001
20190516,1535.4220000000003,81.654
20190517,1425.1059999999998,79.22800000000001
20190518,1298.058,81.19
20190519,1157.7039999999995,73.25399999999999
20190520,1505.1420000000003,95.954
20190521,1465.0189999999996,87.36399999999999
20190522,1450.8919999999996,83.539
20190523,1410.7060000000001,78.76
20190524,1333.1799999999998,74.21600000000001
20190525,1238.5810000000001,73.831
20190526,1239.7030000000002,77.092
20190527,1915.2259999999994,105.165
20190528,1951.5490000000004,109.036
20190529,2009.7450000000001,117.60600000000001
20190530,1988.5040000000004,112.971
20190531,1745.2579999999998,104.089
20190601,669.3510000000001,49.101000000000006
20190602,932.9849999999998,60.163999999999994
20190603,925.8610000000002,55.975
20190604,918.3499999999996,59.562
20190605,1401.818,88.346
20190606,1780.1499999999999,99.609
20190607,1502.017,79.49600000000001
20190608,2094.8149999999996,140.69299999999998
20190609,1276.6980000000005,74.76
20190610,866.3100000000002,57.773999999999994
20190611,1005.0300000000002,59.348
20190612,1025.586,67.92
20190613,1781.583,108.148
20190614,1615.6999999999998,96.956
20190615,1305.5400000000004,80.017
20190616,1373.457999999999,85.177
20190617,2038.309,132.485
20190618,1798.0679999999998,102.895
20190619,1737.7090000000003,105.32799999999999
20190620,1846.74,109.10700000000001
20190621,1846.6209999999999,130.346
20190622,1522.6179999999993,88.205
20190623,1701.788,100.92
20190624,2058.7789999999995,112.251
20190625,2042.1070000000004,132.40200000000002
20190626,2082.7379999999994,114.18799999999999
20190627,2100.862,143.49
20190628,1850.220000000001,122.98700000000001
20190629,1339.9840000000004,73.381
20190630,1404.496,87.66
20190701,963.869,50.69
20190702,974.5470000000001,58.818000000000005
20190703,928.8740000000001,55.994
20190704,910.8259999999999,56.748999999999995
20190705,1668.4650000000004,98.273
20190706,1518.9130000000002,83.949
20190707,1485.1800000000005,86.976
20190708,1976.7469999999998,107.88
20190709,1257.6259999999993,75.255
20190710,1039.471,64.973
20190711,1156.1809999999998,68.627
20190712,822.2690000000001,46.476000000000006
20190713,1617.0969999999998,90.041
20190714,1666.7860000000005,92.025
20190718,2173.4280000000003,137.035
20190719,1871.025,95.006
20190720,1455.386,78.42699999999999
20190721,1482.7040000000006,87.501
20190722,2059.266,119.992
20190723,1889.191,102.52799999999999
20190724,2053.6629999999996,130.274
20190725,2067.6639999999998,125.15700000000001
20190726,1972.31,125.947
20190727,1489.616,75.327
20190728,1576.5439999999994,88.351
20190729,1862.3479999999997,116.212
20190730,1509.3029999999997,83.805
20190731,1681.019999999999,101.37100000000001
20190801,989.1919999999997,57.11600000000001
20190802,908.2730000000005,50.662
20190803,811.8340000000001,50.496
20190804,1074.024,65.434
20190805,1631.3849999999995,100.007
20190806,1379.9419999999998,79.122
20190807,1946.349,124.331
20190808,2062.2670000000007,109.584
20190809,1221.0599999999995,71.79899999999999
20190810,1267.6630000000005,82.53299999999999
20190811,1262.462,79.247
20190812,734.2320000000002,45.817
20190814,2139.216,137.752
20190815,1852.742,105.03299999999999
20190816,1651.5890000000004,101.545
20190817,1342.9000000000003,73.654
20190818,1539.8219999999997,88.075
20190819,2098.666,133.254
20190820,1913.9840000000002,117.90899999999999
20190821,1729.4290000000005,110.64299999999999
20190822,1728.099,103.734
20190823,1672.4230000000005,103.47200000000001
20190824,1341.7069999999992,92.25
20190825,1429.3809999999999,86.068
20190826,1971.8240000000003,112.985
20190827,1802.5420000000004,98.822
20190828,1761.2250000000006,91.59299999999999
20190829,1747.9069999999997,110.012
20190830,1795.7800000000009,106.429
20190831,1451.9820000000004,76.17699999999999
20190901,917.186,49.78
20190902,726.71,49.773
20190903,705.668,46.8
20190904,1206.261,70.628
20190905,1570.665,105.32799999999999
20190906,1351.9379999999994,75.237
20190907,1902.1449999999998,113.806
20190908,2100.544,113.07600000000001
20190909,1778.9060000000004,106.48100000000001
20190910,1367.3460000000007,90.145
20190911,1138.5810000000004,69.66199999999999
20190912,867.6310000000003,51.715
20190913,1214.3799999999999,70.926
20190914,1024.384,67.473
20190915,1015.1840000000002,64.416
20190916,1448.9430000000004,79.845
20190917,1538.7430000000002,81.961
20190918,1421.825,85.075
20190919,1262.182,77.666
20190920,846.1569999999999,52.251000000000005
20190921,752.955,45.598
20190922,934.7099999999998,65.687
20190923,1333.5000000000002,85.133
20190924,1532.0649999999994,93.505
20190925,1424.6610000000003,82.887
20190926,1267.0269999999998,79.976
20190927,1116.4299999999996,72.36
20190928,1147.7359999999999,69.48899999999999
20190929,1135.024,77.998
20190930,1438.7450000000003,86.221
20191001,900.9449999999996,50.41
20191002,746.3070000000001,50.608000000000004
20191003,742.5090000000002,53.81399999999999
20191004,1332.9030000000002,75.34
20191005,1567.4590000000003,88.565
20191006,1482.9500000000003,93.63799999999999
20191007,2142.9090000000006,153.111
20191008,1725.0689999999997,89.494
20191009,1601.8629999999996,98.834
20191010,1319.7060000000004,78.204
20191011,1090.6240000000003,60.43600000000001
20191012,782.3050000000001,50.085
20191013,989.1480000000001,72.628
20191014,985.9059999999998,66.803
20191015,992.1889999999999,62.916000000000004
20191016,1036.1469999999997,62.951
20191017,1252.4670000000003,78.473
20191018,1191.8969999999997,76.266
20191019,1071.511,68.942
20191020,1187.0270000000007,75.571
20191021,1311.7820000000002,82.476
20191022,1034.307,72.033
20191023,913.0660000000003,60.711000000000006
20191024,813.8320000000001,49.495
20191025,810.4360000000001,53.44
20191026,823.5830000000001,61.165
20191027,950.7520000000002,74.023
20191028,1058.468,76.26100000000001
20191029,854.4709999999999,53.36600000000001
20191030,826.1929999999999,51.361000000000004
20191031,861.3480000000001,53.06100000000001
20191101,904.2319999999997,55.056999999999995
20191102,856.6719999999999,50.825
20191103,894.1880000000003,54.303000000000004
20191104,1287.2630000000004,83.363
20191105,1281.7920000000006,75.317
20191106,1831.7440000000001,105.125
20191107,1919.6670000000004,114.727
20191108,1873.3870000000004,115.6
20191109,1499.8149999999991,86.369
20191110,1345.5020000000006,86.509
20191111,1038.1460000000002,72.009
20191112,810.1540000000001,47.946999999999996
20191113,1231.1060000000004,91.40700000000001
20191114,1089.8270000000005,71.26100000000001
20191115,1041.3819999999996,62.31399999999999
20191116,892.436,62.407
20191117,901.4300000000004,55.104
20191118,1012.1410000000003,68.90899999999999
20191119,873.3889999999999,54.486999999999995
20191120,866.11,52.177
20191121,835.9829999999998,54.266999999999996
20191122,748.1850000000001,54.041000000000004
20191123,697.1450000000002,45.248999999999995
20191124,674.4339999999997,46.957
20191125,813.4689999999998,51.911
20191126,924.9020000000005,60.287
20191127,882.1100000000001,56.383
20191128,936.1089999999998,58.16
20191129,940.4660000000001,69.581
20191130,744.2320000000002,52.22
20191201,801.9139999999999,51.551
20191202,897.752,54.295
20191203,941.3509999999999,55.256
20191204,1294.059,87.006
20191205,1317.7370000000005,76.65100000000001
20191206,1887.0670000000007,104.51899999999999
20191207,1885.9000000000005,118.204
20191209,1360.6989999999998,84.225
20191210,1004.03,76.913
20191211,1055.867,69.245
20191212,853.1110000000002,50.467
20191213,897.6289999999999,56.52
20191214,736.2730000000003,45.783
20191215,716.8669999999998,41.53
20191216,809.6290000000001,47.808
20191217,748.073,47.847
20191218,834.7920000000004,57.549
20191219,838.0319999999998,54.873999999999995
20191220,859.749,52.349
20191221,644.9520000000002,35.853
20191222,659.2709999999998,41.215
20191223,626.022,37.902
20191224,613.144,34.439
20191225,594.183,39.259
20191226,592.425,35.75
20191227,609.0659999999997,43.3
20191228,635.6290000000001,37.993
20191229,652.1090000000002,39.123000000000005
20191230,752.4330000000004,44.397
20191231,633.6210000000003,38.632
20200101,590.587,33.295
20200102,659.3030000000002,46.044
20200103,596.1940000000001,41.20399999999999
20200104,615.549,40.751
20200105,715.7099999999999,45.442
20200106,695.1889999999997,49.455
20200107,638.7869999999997,43.835
20200108,627.7090000000001,41.211999999999996
20200109,597.7889999999999,41.135
20200110,669.0700000000002,44.562
20200111,501.9880000000003,33.303000000000004
20200112,492.5880000000001,29.729
20200113,670.3070000000002,41.018
20200114,659.0720000000001,38.188
20200115,807.9470000000002,52.006
20200116,678.1489999999999,46.951
20200117,705.9880000000002,45.833
20200118,611.7470000000002,39.846
20200119,639.1870000000002,40.703
20200120,791.9540000000004,49.17100000000001
20200121,736.0289999999997,41.738
20200122,736.0310000000002,45.45399999999999
20200123,706.2690000000001,42.589
20200124,652.073,38.703
20200125,565.7100000000003,34.667
20200126,512.0980000000001,35.02
20200127,580.7439999999999,38.475
20200128,704.3509999999998,45.053999999999995
20200129,742.3140000000001,50.771
20200130,849.9390000000005,56.266000000000005
20200131,834.5090000000002,50.144
20200201,620.668,35.663000000000004
20200202,581.78,42.535
20200203,778.9480000000001,56.613
20200204,611.5440000000001,44.323
20200205,747.508,52.233000000000004
20200206,667.7509999999999,40.889
20200207,630.4640000000002,45.625
20200208,667.751,49.36
20200209,600.071,41.135
20200210,620.984,42.255
20200211,635.225,47.611000000000004
20200212,475.5070000000001,30.23
20200213,790.4649999999999,54.16
20200214,795.7480000000003,50.678000000000004
20200215,616.385,39.291
20200216,581.1900000000003,37.496
20200217,787.582,53.881
20200218,778.3909999999998,50.333
20200219,778.0310000000001,56.528999999999996
20200220,827.8309999999997,50.097
20200221,813.7100000000003,57.453
20200222,736.5080000000002,44.938
20200223,641.576,42.382
20200224,802.9880000000003,50.532
20200225,755.0310000000002,52.397
20200226,761.861,49.243
20200227,822.0670000000003,58.222
20200228,782.2759999999997,51.122
20200229,566.4320000000004,36.996
20200301,673.5840000000003,43.191
20200302,800.6250000000002,56.958
20200303,813.7050000000003,66.785
20200304,593.0690000000002,42.513000000000005
20200305,685.9060000000001,43.193000000000005
20200306,657.1909999999999,42.588
20200307,706.1520000000002,50.398
20200308,858.0719999999999,65.666
20200309,584.6689999999999,39.783
20200310,497.106,32.138000000000005
20200311,583.11,39.889
20200312,497.1090000000002,32.634
20200313,724.993,47.277
20200314,737.267,46.506
20200315,770.5090000000002,50.111000000000004
20200316,823.9900000000005,56.795
20200317,761.1080000000001,57.044
20200318,681.8729999999997,44.665
20200319,673.2739999999998,48.326
20200320,630.861,48.922
20200321,557.1929999999999,35.492
20200322,626.349,47.812
20200323,745.9880000000002,53.606
20200324,752.9910000000003,56.295
20200325,753.2289999999999,53.793
20200326,749.3919999999996,49.668
20200327,621.343,42.778999999999996
20200328,552.1070000000001,40.604
20200329,545.4300000000001,38.49
20200330,588.3019999999997,44.062
20200331,639.8719999999997,52.846000000000004
20200401,648.9050000000002,47.284
20200402,772.354,49.453
20200403,850.3860000000001,61.581
20200404,648.2210000000001,49.025
20200405,714.9550000000005,45.803999999999995
20200406,640.791,44.401
20200407,671.9860000000001,49.36
20200408,946.7010000000005,70.396
20200409,571.1890000000001,39.204
20200410,496.712,41.32899999999999
20200411,596.2300000000002,39.123000000000005
20200412,487.03199999999987,29.961
20200413,626.9419999999999,42.678000000000004
20200414,593.27,40.47
20200415,616.7899999999998,39.586999999999996
20200416,568.8679999999999,37.472
20200417,589.426,44.312
20200418,570.6690000000001,44.195
20200419,545.266,34.858000000000004
20200420,570.543,38.681999999999995
20200421,585.6270000000001,40.769
20200422,607.8629999999997,42.585
20200423,588.4670000000001,38.972
20200424,562.428,42.637
20200425,574.747,38.496
20200426,574.3460000000001,35.187
20200427,588.3499999999997,44.743
20200428,577.4589999999997,36.902
20200429,676.2690000000001,47.998999999999995
20200430,682.2260000000002,45.17
20200501,663.2669999999999,53.321999999999996
20200502,773.3459999999997,51.775
20200503,865.6350000000003,55.17100000000001
20200504,675.6679999999999,43.994
20200505,746.755,45.885
20200506,619.4700000000001,45.718999999999994
20200507,671.4290000000001,47.126999999999995
20200508,681.6299999999994,43.853
20200509,566.9859999999998,42.453
20200510,653.6690000000002,43.773
20200511,633.4319999999999,40.667
20200512,445.46800000000013,25.224
20200513,672.5080000000003,41.538000000000004
20200514,654.1890000000001,41.485
20200515,644.3080000000001,43.505
20200516,614.4649999999999,41.858000000000004
20200517,618.7889999999999,49.475
20200518,663.6249999999998,50.865
20200519,608.1080000000002,46.101000000000006
20200520,589.147,39.32
20200521,617.548,43.278
20200522,646.2309999999999,56.073
20200523,661.7120000000001,48.858999999999995
20200524,643.9030000000002,45.799
20200525,660.189,47.126999999999995
20200526,631.6210000000001,50.875
20200527,681.706,46.927
20200528,676.9469999999997,45.348
20200529,651.9819999999999,49.051
20200530,623.2729999999997,42.415
20200531,580.2280000000003,44.655
20200601,865.3040000000001,54.242
20200602,725.191,43.011
20200603,779.152,49.177
20200604,756.7920000000003,53.44
20200605,694.952,43.29600000000001
20200606,646.065,42.39
20200607,707.749,55.739
20200608,647.1940000000002,45.31399999999999
20200609,586.1080000000001,37.847
20200610,719.1160000000001,48.085
20200611,628.6710000000002,40.641999999999996
20200612,415.5129999999999,28.184
20200613,647.7119999999999,41.61600000000001
20200614,610.4289999999999,36.879
20200615,643.2659999999998,48.821999999999996
20200616,631.304,44.672
20200617,642.1039999999998,44.04600000000001
20200618,649.3419999999996,43.153
20200619,640.5889999999999,45.963
20200620,616.8670000000001,44.84
20200621,623.3879999999998,42.644
20200622,656.9019999999998,45.068999999999996
20200623,649.381,52.93600000000001
20200624,651.2739999999999,47.461999999999996
20200625,624.7059999999999,43.46
20200626,634.3910000000004,40.591
20200627,615.3830000000002,46.007
20200628,634.5869999999999,43.964
20200629,680.4259999999998,49.867
20200630,659.1449999999999,48.118
20200701,785.8310000000002,47.67100000000001
20200702,846.9490000000001,66.85600000000001
20200703,685.5050000000002,39.828
20200704,699.6330000000002,46.943999999999996
20200705,702.0310000000001,46.323
20200706,638.4340000000001,42.97
20200707,732.9899999999999,50.797
20200708,642.068,44.845
20200709,576.5100000000001,41.522
20200710,710.0650000000002,55.071000000000005
20200711,468.78699999999986,29.318
20200712,422.87700000000007,24.037
20200713,658.342,44.181000000000004
20200714,659.027,43.313
20200715,696.464,50.635
20200716,835.1150000000002,47.619
20200717,716.3530000000001,47.093999999999994
20200718,637.6650000000001,41.46
20200719,637.385,43.144
20200720,632.9940000000004,45.028
20200721,638.6679999999996,46.476000000000006
20200722,661.1849999999997,41.64
20200723,656.1460000000003,43.938
20200724,678.1109999999999,45.79600000000001
20200725,626.1430000000004,44.953
20200726,648.2320000000003,44.638000000000005
20200727,902.3780000000003,63.653999999999996
20200728,869.5820000000006,64.96300000000001
20200729,839.7080000000003,61.395
20200730,833.5860000000002,62.611999999999995
20200731,882.7030000000003,69.35300000000001
20200801,806.192,47.676
20200802,649.2310000000002,47.777
20200803,741.1090000000002,45.872
20200804,675.751,47.715
20200805,647.5500000000001,43.236000000000004
20200806,664.2260000000001,48.575
20200807,683.1089999999998,49.721000000000004
20200808,618.504,45.417
20200809,558.028,40.703
20200810,702.987,46.472
20200811,488.3130000000001,38.13
20200812,407.59299999999996,25.52
20200813,618.35,39.001
20200814,594.3480000000002,38.766999999999996
20200815,570.43,38.417
20200816,605.9129999999999,42.801
20200817,734.8690000000003,63.291000000000004
20200818,713.6230000000002,55.048
20200819,719.0660000000003,50.18899999999999
20200820,710.7050000000002,47.951
20200821,704.9110000000001,44.708
20200822,695.9099999999999,44.879
20200823,675.4289999999997,44.218999999999994
20200824,713.6249999999998,47.065
20200825,720.4689999999999,49.963
20200826,722.707,50.166000000000004
20200827,740.3500000000004,45.507
20200828,620.9450000000002,39.699
20200829,620.1429999999998,52.122
20200830,587.5120000000002,40.211
20200831,586.0620000000002,43.419
20200901,784.991,56.614
20200902,662.8709999999999,43.165
20200903,865.107,54.532
20200904,667.5489999999996,47.266999999999996
20200905,654.6300000000001,44.376000000000005
20200906,676.2669999999998,44.016999999999996
20200907,707.9529999999997,49.477
20200908,635.4660000000001,41.391999999999996
20200909,573.145,40.367
20200910,702.875,48.295
20200911,607.628,45.11
20200912,409.0280000000001,27.176
20200913,574.594,41.876000000000005
20200914,556.151,46.06399999999999
20200915,552.825,44.244
20200916,550.5029999999999,44.312
20200917,538.0609999999998,38.342
20200918,541.7429999999999,36.982
20200919,527.9419999999999,37.145
20200920,550.1819999999999,39.35
20200921,542.626,45.29600000000001
20200922,538.3449999999999,37.486999999999995
20200923,539.6680000000002,39.001
20200924,489.54699999999997,39.645
20200925,601.7079999999999,57.211999999999996
20200926,495.47,38.095
20200927,504.0680000000001,39.899
20200928,750.9080000000002,60.132
20200929,712.986,55.626999999999995
20200930,679.5540000000002,42.863
20201001,684.9490000000001,44.323
20201002,858.9440000000001,62.824
20201003,830.7840000000002,54.398999999999994
20201004,618.587,42.176
20201005,674.8279999999999,44.39
20201006,692.2249999999997,43.489
20201007,703.109,47.601000000000006
20201008,636.4229999999999,41.989
20201009,577.626,44.129
20201010,505.9119999999999,36.167
20201011,553.7080000000001,35.221
20201012,387.22900000000004,24.831
20201013,653.157,42.977
20201014,646.2320000000001,44.623000000000005
20201015,613.3109999999998,38.01
20201016,647.9510000000001,41.566
20201017,513.7909999999998,32.923
20201018,492.75300000000016,33.878
20201019,671.709,53.943999999999996
20201020,671.313,50.867
20201021,643.1080000000001,44.45399999999999
20201022,631.5480000000001,45.278
20201023,631.5090000000004,44.78
20201024,472.0319999999997,36.248000000000005
20201025,501.908,40.297
20201026,679.4730000000002,55.43
20201027,658.5899999999999,45.911
20201028,620.5519999999999,44.335
20201029,617.5830000000001,45.255
20201030,629.7519999999998,40.573
20201031,490.95200000000006,38.283
20201101,604.9509999999999,37.28
20201102,779.23,51.793
20201103,830.8319999999997,58.131
20201104,610.312,40.529
20201105,690.1490000000002,44.549
20201106,621.4689999999999,44.746
20201107,647.1089999999999,46.254
20201108,615.348,43.926
20201109,572.191,39.278
20201110,519.7830000000001,35.234
20201111,555.707,38.402
20201112,466.11000000000024,25.388
20201113,580.0300000000002,33.703
20201114,448.6299999999999,28.967
20201115,464.43300000000005,31.362
20201116,578.6629999999999,35.195
20201117,601.473,37.065
20201118,555.4259999999999,34.077
20201119,557.4319999999999,32.258
20201120,560.987,33.722
20201121,477.43,32.291
20201122,486.1459999999999,29.891
20201123,600.3469999999995,37.686
20201124,561.4669999999999,37.224000000000004
20201125,557.3080000000001,34.498000000000005
20201126,590.7429999999999,36.87
20201127,569.8629999999998,39.957
20201128,468.713,32.303000000000004
20201129,504.4289999999999,34.375
20201130,502.1149999999997,31.575
20201201,560.503,39.16
20201202,765.5150000000003,54.75899999999999
20201203,788.103,53.477
20201204,634.068,46.321000000000005
20201205,666.3879999999999,42.176
20201206,674.3909999999997,45.391999999999996
20201207,600.5880000000003,39.414
20201208,606.231,40.288000000000004
20201209,593.108,40.021
20201210,691.029,61.14
20201211,583.5889999999999,35.784
20201212,431.2339999999999,26.454
20201213,441.51500000000016,26.361
20201214,506.068,29.803
20201215,483.7899999999999,30.503
20201216,465.30899999999986,26.921999999999997
20201217,460.71099999999996,26.435
20201218,393.2330000000001,27.908
20201219,360.18400000000014,22.625999999999998
20201220,383.476,23.595
20201221,387.63500000000005,27.537
20201222,377.553,23.041999999999998
20201223,414.22899999999987,25.289
20201224,375.6330000000001,23.226999999999997
20201225,369.59499999999997,22.625999999999998
20201226,361.871,24.543000000000003
20201227,363.543,22.342
20201228,379.1130000000001,21.939
20201229,365.75100000000015,20.866999999999997
20201230,415.63,27.896
20201231,381.4750000000001,25.044
20210101,402.63500000000016,23.098000000000003
20210102,422.83199999999994,27.129
20210103,480.4729999999999,31.203000000000003
20210104,528.071,32.193000000000005
20210105,446.58500000000015,26.427
20210106,579.906,33.400999999999996
20210107,864.9130000000001,75.075
20210108,687.151,54.486999999999995
20210109,420.033,24.37
20210110,410.316,25.459
20210111,569.7019999999998,33.906
20210112,520.5070000000001,36.637
20210113,493.58699999999993,27.517
20210114,472.54999999999984,29.671
20210115,431.39099999999985,26.12
20210116,432.4259999999999,24.386
20210117,429.46999999999986,25.616
20210118,461.47299999999996,29.154
20210119,422.83399999999995,24.351
20210120,416.59300000000013,24.287
20210121,435.953,24.543000000000003
20210122,450.63699999999994,26.011
20210123,377.75500000000005,22.199
20210124,397.5920000000001,25.570999999999998
20210125,572.7099999999999,45.504
20210126,470.0689999999999,38.497
20210127,428.39500000000027,26.726
20210128,431.717,26.776999999999997
20210129,445.98999999999995,28.250999999999998
20210130,402.3919999999998,24.759
20210131,401.18999999999994,26.62
20210201,356.58899999999994,21.522
20210202,437.11600000000004,27.546
20210203,528.751,33.906
20210204,511.19599999999997,29.752
20210205,419.988,28.383000000000003
20210206,579.2619999999997,34.1
20210207,838.4340000000001,49.498000000000005
20210208,647.6309999999999,36.385
20210209,398.27199999999993,23.786
20210210,431.98600000000005,25.331
20210211,454.5929999999999,27.606
20210212,429.55200000000013,25.571
20210213,408.4279999999999,25.598000000000003
20210214,416.0249999999998,26.022
20210215,413.14900000000006,25.82
20210216,420.79300000000023,25.910999999999998
20210217,428.71500000000003,22.936
20210218,442.633,28.147
20210219,428.716,25.885
20210220,404.1109999999999,23.913
20210221,386.191,23.416
20210222,388.514,22.833000000000002
20210223,385.55300000000005,28.147
20210224,394.66999999999996,23.94
20210225,386.396,22.249000000000002
20210226,432.7910000000001,26.96
20210227,431.3040000000001,30.23
20210228,431.9880000000001,25.67
20210301,352.9880000000001,21.346999999999998
20210302,381.47799999999995,46.409
20210303,597.6669999999997,40.485
20210304,516.7469999999998,27.883000000000003
20210305,547.635,41.988
20210306,588.306,33.308
20210307,693.8670000000002,67.061
20210308,674.5139999999998,37.766999999999996
20210309,588.466,41.838
20210310,580.781,35.238
20210311,551.661,30.821
20210312,441.195,24.192
20210313,412.949,31.045
20210314,421.02700000000004,26.316
20210315,512.6340000000001,39.213
20210316,484.27200000000005,28.914
20210317,468.83399999999995,28.74
20210318,448.753,25.48
20210319,405.077,22.275
20210320,364.553,21.136
20210321,384.9919999999999,24.279
20210322,488.3539999999999,29.463
20210323,505.95000000000005,29.914
20210324,574.791,38.064
20210325,567.712,35.869
20210326,482.6700000000001,25.656999999999996
20210327,416.19199999999995,23.06
20210328,435.5920000000001,25.978
20210329,551.0260000000001,35.172
20210330,501.3049999999997,26.238000000000003
20210331,480.35,30.285
20210401,406.71100000000024,22.783
20210402,472.0719999999998,30.131
20210403,664.1900000000002,46.891000000000005
20210404,526.59,32.494
20210405,866.75,60.626000000000005
20210406,633.6670000000001,34.986
20210407,717.4660000000002,65.982
20210408,709.8339999999998,41.908
20210409,506.0679999999999,26.668
20210410,477.3149999999999,28.694
20210411,570.7849999999999,33.196
20210412,683.7919999999999,43.385
20210413,691.1880000000001,40.009
20210414,605.2279999999998,37.746
20210415,653.1850000000003,48.701
20210416,700.0709999999998,57.361000000000004
20210417,472.231,26.892
20210418,454.62400000000014,25.564
20210419,782.2910000000005,55.398
20210420,742.8679999999998,49.031000000000006
20210421,819.3059999999998,61.411
20210422,723.4290000000003,59.303000000000004
20210423,701.7460000000002,51.526
20210424,491.1080000000001,27.035999999999998
20210425,469.2299999999999,32.387
20210426,656.2239999999999,56.03
20210427,667.3890000000001,50.266999999999996
20210428,718.7090000000001,57.858000000000004
20210429,796.5920000000001,61.321999999999996
20210430,734.787,57.538000000000004
20210501,428.874,27.747
20210502,473.8280000000001,32.163000000000004
20210503,546.9449999999999,34.867
20210504,550.5479999999999,30.444000000000003
20210505,943.6300000000003,72.92399999999999
20210506,645.913,34.986
20210507,889.4730000000002,54.898
20210508,633.3510000000001,34.459
20210509,496.27600000000007,32.418
20210510,679.5509999999997,46.536
20210511,798.5560000000002,52.026
20210512,843.1859999999998,56.08
20210513,870.2639999999998,61.441
20210514,798.1150000000004,57.79
20210515,633.1110000000004,53.669
20210516,608.3420000000001,59.28
20210517,830.0129999999999,60.215
20210518,811.7460000000001,49.227
20210519,926.2289999999998,56.178999999999995
20210520,876.7570000000003,56.784
20210521,752.5159999999997,42.464
20210522,748.7489999999997,64.547
20210523,695.3520000000001,63.099
20210524,793.747,60.646
20210525,785.6620000000004,49.622
20210526,873.6200000000001,66.49
20210527,825.112,60.888999999999996
20210528,573.7470000000001,33.648
20210529,571.9810000000001,31.144000000000002
20210530,582.702,32.042
20210531,592.222,35.126999999999995
20210601,464.5880000000001,30.596999999999998
20210602,401.232,24.601999999999997
20210603,469.67000000000013,25.485
20210604,550.5440000000001,28.061999999999998
20210605,900.2710000000003,67.949
20210606,637.4689999999999,36.521
20210608,615.8310000000004,36.319
20210609,635.1839999999999,32.54
20210610,611.2230000000001,33.88
20210611,614.418,33.877
20210612,636.0619999999998,41.978
20210613,677.024,60.841
20210614,589.7379999999999,33.76
20210615,594.746,31.908
20210616,598.9800000000001,33.330999999999996
20210617,661.8600000000002,64.672
20210618,643.3009999999997,36.119
20210619,700.188,66.65899999999999
20210620,765.4700000000004,66.57
20210621,690.713,36.499
20210622,720.9920000000001,43.144
20210623,692.037,38.324
20210624,739.5849999999999,67.903
20210625,865.3439999999999,76.25399999999999
20210626,712.747,62.349
20210627,751.3130000000001,57.832
20210628,733.1950000000002,39.102
20210629,841.9140000000007,64.727
20210630,800.8699999999999,48.049
20210701,444.628,26.171999999999997
20210702,407.59099999999995,27.991999999999997
20210703,444.8320000000001,28.22
20210704,558.9899999999998,28.838
20210705,671.4340000000001,46.348
20210706,636.387,34.533
20210707,921.3470000000001,63.898
20210708,599.9879999999997,34.435
20210709,798.1959999999999,42.999
20210710,851.112,78.103
20210711,887.7930000000002,77.874
20210712,968.0360000000004,57.066
20210715,826.595,68.657
20210716,651.0669999999997,34.92
20210717,712.631,37.141
20210718,657.1489999999998,35.935
20210719,671.4780000000001,37.516999999999996
20210720,723.315,41.386
20210721,730.7550000000002,38.379
20210722,726.9120000000003,41.907
20210723,708.7949999999996,43.035
20210724,724.2740000000001,37.153
20210725,719.5149999999998,38.168
20210726,732.8340000000001,39.614000000000004
20210727,668.0620000000001,36.652
20210728,649.59,35.649
20210729,785.2310000000004,75.947
20210730,687.233,35.91
20210731,691.0709999999999,67.061
20210801,440.43499999999995,25.923000000000002
20210802,446.7899999999999,25.337
20210803,532.3830000000002,32.17
20210804,535.4639999999999,27.616
20210805,524.8670000000001,47.827
20210806,643.4659999999999,34.64
20210807,975.5890000000002,77.02199999999999
20210808,619.195,36.023
20210809,620.4760000000001,34.089
20210810,611.95,33.196
20210811,584.0310000000004,33.672
20210812,646.8730000000002,35.934
20210813,637.504,34.106
20210814,583.5859999999999,36.203
20210815,568.0219999999999,32.829
20210816,590.1890000000004,33.487
20210817,556.2669999999998,32.432
20210818,566.5029999999998,40.485
20210819,558.1890000000001,35.095
20210820,546.8640000000003,33.355
20210821,488.02300000000025,29.066
20210822,487.0670000000001,26.987
20210823,467.386,26.661
20210824,432.4340000000001,25.546
20210825,439.11600000000004,25.989
20210826,439.23800000000006,27.363
20210827,444.19300000000004,24.821
20210828,439.711,26.304
20210829,427.27100000000013,23.72
20210830,429.55099999999993,24.697
20210831,422.7560000000002,24.386
20210901,413.9549999999999,30.828
20210902,412.9980000000001,23.948
20210903,416.67600000000004,24.227
20210904,411.038,22.474
20210905,415.35399999999987,25.601
20210906,414.19300000000004,24.194
20210907,431.51399999999995,28.178
20210908,445.99399999999997,26.765
20210909,502.826,28.64
20210910,525.1880000000001,31.413
20210911,499.7110000000001,28.251
20210912,507.90200000000004,29.531
20210913,472.0690000000002,31.191
20210914,486.86899999999974,32.446
20210915,484.6730000000002,29.85
20210916,472.3950000000001,27.867
20210917,471.988,28.173
20210918,456.35,29.156
20210919,470.942,31.012
20210920,477.90799999999984,27.867
20210921,499.31199999999995,28.871
20210922,471.0300000000001,29.766
20210923,457.99300000000005,27.477
20210924,473.3999999999999,29.781
20210925,483.6000000000001,30.44
20210926,481.52,28.43
20210927,471.23999999999984,30.688
20210928,459.9199999999999,28.561
20210929,416.9600000000001,26.264
20210930,395.88000000000017,24.384
20211001,400.59999999999985,23.17
20211002,398.92,23.848
20211003,398.16000000000014,23.481
20211004,411.6000000000001,30.225
20211005,422.6800000000001,25.112
20211006,417.31999999999994,25.964
20211007,419.9200000000001,26.12
20211008,421.55999999999995,24.489
20211009,420.64000000000004,26.049
20211010,416.87999999999994,24.022
20211011,422.24,26.987
20211012,401.4,22.822
20211013,399.11999999999995,24.418
20211014,377.6,29.025
20211015,329.87999999999994,59.517
20211016,371.6799999999999,24.037
20211017,367.91999999999996,24.697
20211018,364.76000000000005,21.347
20211019,382.6799999999999,23.245
20211020,369.9600000000001,21.19
20211021,372.5200000000001,22.318
20211022,376.12,22.314
20211023,371.4399999999998,23.324
20211024,372.2,24.453
20211025,389.1600000000001,23.674
20211026,391.84000000000003,22.469
20211027,402.76,23.041
20211028,406.9599999999999,22.664
20211029,412.40000000000003,25.845
20211030,378.76000000000016,22.624
20211031,378.68000000000006,24.697
20211101,374.71999999999986,25.512
20211102,372.88,22.858
20211103,378.08,21.737
20211104,386.68,23.758
20211105,397.0799999999999,24.333
20211106,395.71999999999986,23.4
20211107,391.2800000000001,23.29
20211108,381.08,25.01
20211109,361.0399999999999,22.227
20211110,383.9200000000001,22.569
20211111,407.5200000000001,43.796
20211112,385.08,27.292
20211113,365.76000000000005,25.448
20211114,366.4399999999999,23.413
20211115,376.71999999999997,22.562
20211116,465.8399999999998,29.066
20211117,464.04,27.268
20211118,440.36,26.239
20211119,416.4000000000001,24.064
20211120,390.28000000000003,23.518
20211121,386.9599999999999,23.881
20211122,424.1199999999999,25.077
20211123,405.6399999999997,24.827
20211124,415.52000000000004,28.117
20211125,452.8000000000001,31.145
20211126,505.8799999999999,37.62
20211127,376.7600000000001,22.909
20211128,366.99999999999994,25.134
20211129,416.72,24.0
20211130,470.8399999999999,26.543
20211201,491.9199999999999,27.935
20211202,433.31999999999994,24.461
20211203,482.31999999999977,35.569
20211204,460.6,37.677
20211205,460.28000000000026,26.543
20211206,481.12000000000006,31.536
20211207,530.68,30.176
20211208,514.0400000000001,29.435
20211209,554.8800000000001,36.794
20211210,619.9599999999999,43.53
20211211,449.96000000000004,29.437
20211212,414.23999999999995,26.709
20211213,545.92,31.919
20211214,499.76000000000005,33.391
20211215,514.1600000000001,28.809
20211216,511.11999999999983,29.625
20211217,497.87999999999977,29.144
20211218,484.3199999999997,27.927
20211219,475.28,32.258
20211220,477.27999999999986,26.674
20211221,532.32,30.346
20211222,529.56,32.603
20211223,477.23999999999995,30.688
20211224,453.8399999999999,27.96
20211225,453.6000000000001,26.015
20211226,469.64000000000004,26.935
20211227,451.7599999999997,25.46
20211228,437.12000000000006,24.022
20211229,421.56000000000006,25.652
20211230,417.52000000000004,26.452
20211231,472.91999999999996,28.333
20220101,481.2000000000001,26.932
20220102,447.95999999999987,25.498
20220103,421.23999999999995,24.37
20220104,413.3199999999998,24.448
20220105,430.9600000000002,23.829
20220106,441.47999999999996,25.582
20220107,448.07999999999987,26.582
20220108,410.40000000000003,26.427
20220109,419.5600000000001,22.088
20220110,436.72,24.615
20220111,451.04000000000013,24.726
20220112,458.9600000000001,26.892
20220113,453.2400000000001,26.33
20220114,452.43999999999994,28.0
20220115,443.0,25.906
20220116,431.32,24.769
20220117,462.7199999999998,27.143
20220118,419.63999999999993,25.428
20220119,433.59999999999997,29.694
20220120,430.4799999999999,25.497
20220121,442.40000000000003,26.068
20220122,454.5999999999999,28.244
20220123,451.1199999999999,26.791
20220124,492.64,28.903
20220125,512.0799999999998,29.197
20220126,509.0,28.154
20220127,534.48,31.644
20220128,527.5999999999998,32.357
20220129,442.47999999999985,26.088
20220130,424.1999999999999,26.892
20220131,482.72,28.121
20220201,425.5599999999999,26.227
20220202,441.68000000000006,26.831
20220203,454.68000000000006,25.356
20220204,401.44000000000005,24.526
20220205,412.2800000000001,26.039
20220206,405.71999999999997,25.268
20220207,465.9599999999999,25.978
20220208,456.79999999999995,26.242
20220209,420.6399999999999,25.804
20220210,442.1599999999999,26.593
20220211,429.2399999999999,26.972
20220212,441.28000000000014,28.687
20220213,437.32000000000005,26.221
20220214,460.8,26.974
20220215,545.8000000000002,37.215
20220216,499.9200000000002,28.154
20220217,537.5200000000001,31.085
20220218,517.4799999999999,31.912
20220219,501.3599999999999,29.147
20220220,498.4800000000001,31.57
20220221,546.5999999999999,31.837
20220222,558.5599999999998,33.61
20220223,503.5200000000001,25.928
20220224,522.6400000000001,32.471
20220225,471.5600000000001,26.396
20220226,432.80000000000024,28.965
20220227,413.8799999999998,28.063
20220228,482.1599999999998,27.863
20220301,509.9599999999999,31.251
20220302,494.03999999999996,27.991
20220303,534.8000000000001,35.887
20220304,476.88,31.434
20220305,420.27999999999986,25.702
20220306,411.79999999999995,25.86
20220307,471.8399999999999,26.772
20220308,489.0400000000001,27.726
20220309,496.0,26.759
20220310,491.1600000000001,27.283
20220311,461.8400000000004,27.678
20220312,416.48,25.23
20220313,405.52,26.304
20220314,440.19999999999976,24.543
20220315,473.6000000000001,29.669
20220316,453.44000000000005,24.631
20220317,476.88000000000017,28.896
20220318,427.67999999999995,25.489
20220319,394.12000000000006,23.157
20220320,386.12000000000006,24.602
20220321,458.47999999999996,29.552
20220322,477.6800000000001,28.855
20220323,472.48,27.229
20220324,477.4400000000001,26.911
20220325,431.48000000000025,27.225
20220326,403.4800000000001,23.973
20220327,405.83999999999975,26.641
20220328,449.2799999999999,25.886
20220329,463.47999999999973,27.279
20220330,501.87999999999977,28.659
20220331,526.56,33.391
20220401,516.6800000000002,38.616
20220402,435.04,26.092
20220403,430.63999999999993,24.257
20220404,569.5600000000001,36.729
20220405,604.4000000000002,33.433
20220406,557.7200000000001,37.302
20220407,500.6400000000002,29.047
20220408,467.0,28.724
20220409,418.08000000000015,26.705
20220410,415.15999999999997,25.146
20220411,487.75999999999993,29.581
20220412,582.8000000000002,41.325
20220413,576.3599999999999,44.035
20220414,467.47999999999973,26.49
20220415,424.9600000000001,24.968
20220416,404.24000000000024,25.64
20220417,404.19999999999993,22.833
20220418,412.2399999999999,24.53
20220419,438.96,23.964
20220420,444.7199999999998,25.006
20220421,457.6,24.732
20220422,461.72,26.385
20220423,448.19999999999993,25.732
20220424,434.60000000000014,25.595
20220425,465.68000000000023,26.111
20220426,537.6400000000001,33.401
20220427,542.9199999999997,33.366
20220428,519.88,29.539
20220429,466.87999999999994,26.233
20220430,476.56000000000006,29.513
20220501,482.43999999999994,27.787
20220502,676.16,47.005
20220503,652.9200000000003,41.399
20220504,627.8799999999999,41.155
20220505,689.8399999999996,41.576
20220506,754.8000000000001,45.481
20220507,708.4400000000004,41.761
20220508,662.4399999999999,40.98
20220509,945.7999999999997,64.805
20220510,900.8399999999998,51.775
20220511,846.5999999999998,48.666
20220512,705.72,40.259
20220513,708.4000000000007,42.241
20220514,631.9200000000003,34.748
20220515,563.6399999999999,32.461
20220516,819.7599999999999,48.669
20220517,972.32,57.803
20220518,1078.7199999999996,70.666
20220519,1010.1599999999997,66.582
20220520,864.5200000000003,53.029
20220521,887.2800000000002,51.084
20220522,701.5599980354309,38.31399917602539
20220523,957.6400017738342,64.52400207519531
20220524,964.599995136261,68.15299987792969
20220525,845.4799971580505,51.638999938964844
20220526,751.3999996185303,47.82699966430664
20220527,735.6800007820129,45.6870002746582
20220528,694.9999995231628,38.10300064086914
20220529,669.8399987220764,37.915000915527344
20220530,848.7600026130676,53.87699890136719
20220531,835.9600014686584,57.95600128173828
20220601,948.5200023651123,78.49099731445312
20220602,857.919997215271,52.029998779296875
20220603,856.3200006484985,49.904998779296875
20220604,677.0400009155273,35.82400131225586
20220605,688.7999997138977,38.20100021362305
20220606,886.6799993515015,56.992000579833984
20220607,965.5599975585938,61.349998474121094
20220608,937.0400009155273,69.0790023803711
20220609,728.5199947357178,45.249000549316406
20220610,697.8800005912781,46.14699935913086
20220611,622.8000001907349,32.02799987792969
20220612,623.9599981307983,32.659000396728516
20220613,620.5599994659424,35.972999572753906
20220614,816.2399954795837,50.81399917602539
20220615,1074.0800004005432,69.25299835205078
20220616,913.5199971199036,56.89899826049805
20220617,718.8799958229065,37.50699996948242
20220618,626.4399988651276,35.643001556396484
20220619,606.5199971199036,64.00700378417969
20220620,614.0399994850159,38.12099838256836
20220621,776.6399974822998,43.71500015258789
20220622,868.4400019645691,55.23899841308594
20220623,715.5599980354309,51.729000091552734
20220624,631.1600015163422,39.54100036621094
20220625,466.67999720573425,25.55299949645996
20220626,626.960001707077,59.018001556396484
20220627,727.6799988746643,54.93000030517578
20220628,766.7199974060059,44.50299835205078
20220629,836.4399995803833,45.983001708984375
20220630,914.6399974822998,58.95800018310547
20220701,736.1999974250793,45.512001037597656
20220702,597.3199987411499,32.42100143432617
20220703,751.2799997329712,70.83499908447266
20220704,931.7600002288818,56.89899826049805
20220705,915.8800010681152,60.39699935913086
20220706,920.360002040863,69.89399719238281
20220707,967.4799995422363,59.01599884033203
20220708,911.9999952316284,52.20100021362305
20220709,764.0399961471558,38.18899917602539
20220710,874.080002784729,80.01899719238281
20220711,1018.0399975776672,57.72800064086914
20220712,993.0400047302246,52.89699935913086
20220713,1149.1600012779236,69.63600158691406
20220714,1235.5199975967407,79.98400115966797
20220715,884.920000076294,49.05400085449219
20220716,838.7600016593933,44.58399963378906
20220717,908.56,71.984
20220718,1126.8,73.364
20220719,1036.84,57.529
20220720,1142.2799999999997,75.014
20220721,976.5200000000001,55.014
20220722,907.56,58.253
20220723,801.1999999999992,42.158
20220724,961.8,80.465
20220725,1023.4799999999999,57.041
20220726,1104.68,73.221
20220727,1200.6000000000001,67.862
20220728,1152.7600000000002,58.509
20220729,1091.2800000000004,62.528
20220730,1076.36,62.287
20220731,1148.7999999999995,67.635
20220801,1089.759994506836,57.0890007019043
20220802,1150.1600046157837,61.58100128173828
20220803,1146.7199964523315,66.09500122070312
20220804,1012.3600044250488,54.512001037597656
20220805,950.9600028991699,49.54499816894531
20220806,858.0799994468689,44.49399948120117
20220807,912.0000000000003,52.201
20220808,1039.0799999999997,62.293
20220809,1122.8000001907349,56.909000396728516
20220810,1172.4800033569336,60.112998962402344
20220811,1129.520001411438,68.60600280761719
20220812,870.2399973869324,44.68899917602539
20220813,696.2800000000001,40.091
20220814,887.88,71.246
20220815,1075.2400000000005,64.896
20220816,1338.1200000000003,83.491
20220818,1416.0400000000006,89.835
20220819,939.0399999999998,49.224
20220820,795.2000000000003,47.278
20220821,823.8399999999998,60.525
20220822,939.5200000000002,53.047
20220823,1020.5199999999998,56.916
20220824,1158.36,66.662
20220825,1163.1200000000001,69.369
20220826,1010.8399999999997,54.157
20220827,934.1600000000001,50.944
20220828,927.5200000000002,65.681
20220829,935.1599999999999,51.651
20220830,1019.16,62.218
20220831,1145.4399999999996,61.98
20220901,1147.1999999999998,69.681
20220902,1105.4,62.659
20220903,971.3599999999997,48.851
20220904,1014.8800000000001,69.719
20220905,1113.400001525879,60.564998626708984
20220906,1038.2400016784668,57.16999816894531
20220907,1056.119999885559,63.404998779296875
20220908,1065.1199960708618,67.77100372314453
20220909,875.68,49.171
20220910,741.2800000000001,42.386
20220911,793.5999999999999,54.37
20220912,914.0399999999997,52.154
20220913,1120.04,54.524
20220914,1193.88,65.511
20220915,958.6800000000003,48.212
20220916,905.7599999999999,48.981
20220917,836.5200000000002,44.81
20220918,927.6400000000003,82.697
20220919,936.4800000000002,55.239
20220920,1141.0,76.714
20220921,1015.4399999999999,60.836
20220922,794.8800000000001,41.824
20220923,768.3199999999995,41.838
20220924,846.36,42.068
20220925,836.5600000000003,59.368
20220926,847.7600000000001,48.977
20220927,956.2400000000004,50.401
20220928,875.7199999999999,48.817
20220929,1015.8800000000002,68.003
20220930,865.32,53.973
20221001,687.3199999999998,41.605
20221002,736.8800000000002,40.998
20221003,813.6800000000003,47.2
20221004,980.2000000000003,70.313
20221005,1002.5999999999996,62.732
20221006,922.5600000000001,51.529
20221007,959.6000000000001,61.457
20221008,1006.0400000000002,66.099
20221009,1048.3600000000001,69.159
20221010,931.9599999999999,52.32
20221011,1013.4399999999999,62.241
20221012,891.3599999999997,47.364
20221013,796.9999999999999,44.803
20221014,844.1199999999999,53.764
20221015,775.0399999999997,41.761
20221016,871.2399999999999,51.28
20221017,988.3199999999997,53.772
20221018,1139.2399999999998,70.727
20221019,953.4399999999997,52.804
20221020,941.4000000000001,64.645
20221021,632.08,44.163
20221022,573.9999999999998,35.2
20221023,656.1600000000002,40.0
20221024,806.7199999999998,46.882
20221025,809.4000000000001,51.044
20221026,714.9600000000002,43.343
20221027,739.7600000000003,45.033
20221028,822.9199999999998,50.252
20221029,689.72,38.08
20221030,697.4399999999999,44.99
20221031,791.2,46.242
20221101,887.7199999999998,49.124
20221102,1167.1200000000001,83.532
20221103,1171.2000000000003,68.023
20221104,973.4399999999998,52.484
20221105,842.9600000000003,43.207
20221106,678.84,40.48
20221107,611.3200000000003,34.24
20221108,586.6,34.098
20221109,548.3599999999999,33.774
20221110,506.8399999999999,32.966
20221111,502.32,28.828
20221112,501.95999999999987,28.64
20221113,500.64,35.063
20221114,655.3199999999998,39.706
20221115,885.4800000000001,61.683
20221116,1208.44,75.044
20221117,1131.9999999999998,66.723
20221118,844.72,52.03
20221119,738.96,46.414
20221120,814.24,48.977
20221121,1193.12,75.102
20221122,1231.4000000000003,59.861
20221123,1226.1599999999994,78.893
20221124,1139.12,66.727
20221125,802.0400000000001,49.282
20221126,729.9200000000002,39.2
20221127,718.88,43.52
20221128,956.8000000000002,54.88
20221129,926.8399999999996,50.4
20221130,899.5199999999998,48.813
20221201,819.3199999999998,44.963
20221202,720.4,43.205
20221203,564.7600000000001,30.88
20221204,651.2000000000002,43.045
20221205,758.3199999999998,44.005
20221206,665.3200000000002,45.607
20221207,698.1999999999996,43.367
20221208,930.2400000000002,59.523
20221209,782.0799999999999,50.412
20221210,606.1999999999999,36.64
20221211,559.5999999999999,37.446
20221212,857.52,52.391
20221213,1042.8000000000004,65.136
20221214,1037.1599999999996,62.779
20221215,918.5199999999999,53.309
20221216,761.7200000000004,42.403
20221217,565.9599999999998,34.569
20221218,576.2799999999999,33.958
20221219,589.3599999999996,37.452
20221220,541.7200000000001,33.283
20221221,544.4399999999998,33.442
20221222,478.0799999999999,28.487
20221223,447.0400000000001,25.161
20221224,444.3600000000001,24.645
20221225,441.0399999999999,28.165
20221226,416.2000000000002,25.761
20221227,436.75999999999993,25.465
20221228,437.47999999999996,25.944
20221229,431.0,25.298
20221230,460.2800000000001,27.063
20221231,497.0800000000001,38.761
20230301,644.4800000000001,46.622
20230302,622.0,44.074
20230303,615.6399999999996,53.131
20230304,457.72,28.836
20230305,542.6800000000003,33.768
20230306,593.2399999999998,41.914
20230307,604.1199999999999,35.796
20230308,622.7199999999998,48.08
20230309,701.5999999999999,51.296
20230310,634.1199999999999,41.54
20230311,484.1600000000001,33.355
20230312,577.88,37.302
20230313,696.0400000000003,49.788
20230314,709.7600000000001,49.331
20230315,679.96,41.876
20230316,697.9200000000002,45.845
20230317,613.3600000000004,35.293
20230318,456.24000000000007,27.048
20230319,485.39999999999986,35.464
20230320,674.6400000000001,41.551
20230321,766.3199999999999,48.98
20230322,716.8399999999997,54.148
20230323,670.0400000000004,42.966
20230324,684.3599999999999,43.689
20230325,564.6400000000001,33.151
20230326,597.6800000000002,35.591
20230327,848.0400000000001,56.965
20230328,787.6799999999995,53.43
20230329,874.64,61.933
20230330,831.5200000000001,54.452
20230331,824.6800000000002,56.6
20230401,767.1199999999999,52.829
20230402,909.1199999999999,48.962
20230403,910.3600000000001,59.594
20230404,810.6800000000001,52.862
20230405,828.8400000000001,54.453
20230406,737.1999999999999,44.105
20230407,722.8,41.03
20230408,590.8000000000002,39.048
20230409,691.68,37.617
20230410,831.8799999999999,57.973
20230411,858.3199999999999,55.915
20230412,909.6799999999998,56.58
20230413,922.4800000000001,60.218
20230414,980.0800000000002,65.047
20230415,723.4399999999995,43.205
20230416,831.9599999999999,51.46
20230417,1156.6799999999996,71.715
20230418,931.9200000000002,65.616
20230419,988.5999999999997,61.128
20230420,1045.48,72.59
20230421,998.0799999999998,71.248
20230422,637.6800000000002,36.009
20230423,645.5999999999996,48.022
20230424,821.2000000000003,66.345
20230425,806.6000000000003,48.482
20230426,880.64,54.274
20230427,899.9599999999998,53.997
20230428,852.8799999999998,50.617
20230429,765.3199999999998,43.36
20230430,912.2399999999997,52.166
20230501,1069.08,76.23
20230502,1017.0,68.868
20230503,1207.6799999999996,76.547
20230504,1167.1600000000003,77.802
20230505,1233.1199999999997,77.939
20230506,959.8000000000003,52.169
20230507,1243.4799999999998,84.248
20230508,1559.7599999999993,91.396
20230509,1314.9200000000005,87.999
20230510,1448.7599999999995,87.118
20230511,1226.96,87.539
20230512,1070.3599999999997,78.298
20230513,851.5999999999998,45.512
20230514,992.9600000000002,56.111
20230515,1206.2800000000002,83.38
20230516,1360.2799999999995,82.134
20230517,1539.6399999999999,84.547
20230518,1501.6400000000003,78.387
20230519,1592.6400000000008,87.829
20230520,1281.5600000000002,63.121
20230521,1317.5200000000004,85.201
20230522,1384.64,76.401
20230523,1431.8400000000006,74.659
20230524,1468.48,89.712
20230525,1234.2399999999996,73.248
20230526,1257.1999999999998,69.034
20230527,1102.52,59.305
20230528,1220.7600000000002,76.058
20230529,1357.1199999999997,81.714
20230530,1184.2,62.847
20230531,1204.4399999999996,70.664
20230601,1117.7600000000002,57.68
20230602,1366.7600000000002,76.721
20230603,1088.5999999999995,56.43
20230604,1065.6800000000003,68.192
20230605,1229.3599999999994,72.919
20230606,1187.44,65.753
20230607,1267.6,78.679
20230608,1026.7600000000002,61.091
20230609,1236.9200000000005,70.017
20230610,1022.6399999999999,55.823
20230611,1006.9200000000004,68.46
20230612,933.9600000000002,60.229
20230613,1236.68,72.75
20230614,1445.1599999999994,86.693
20230615,1440.2400000000005,75.954
20230616,1413.04,69.956
20230617,1305.6000000000004,62.528
20230618,1361.8399999999997,85.144
20230619,1486.5200000000002,93.318
20230620,1559.9999999999998,84.128
20230621,1631.3600000000001,87.954
20230622,1436.8,73.586
20230623,1333.0799999999992,68.819
20230624,1224.9600000000003,65.582
20230625,1483.4400000000005,92.222
20230626,1505.9600000000003,90.921
20230627,1420.9999999999998,72.391
20230628,1461.3199999999995,104.84
20230629,1504.9200000000003,99.237
20230630,1392.84,76.8
20230701,1355.5600000000002,68.084
20230702,1327.8,89.126
20230703,1382.68,77.04
20230704,1209.9200000000003,60.854
20230705,1335.5999999999995,83.058
20230706,1282.84,71.331
20230707,1322.1599999999999,76.028
20230708,999.2800000000004,52.368
20230709,1108.1599999999996,79.496
20230710,1152.7599999999998,64.275
20230711,1109.3599999999997,55.812
20230712,1256.56,75.306
20230713,1114.6799999999998,57.089
20230714,1171.8400000000001,69.058
20230715,883.3999999999997,51.112
20230716,1098.2800000000002,82.177
20230717,1181.76,64.857
20230718,1341.3599999999997,74.676
20230719,1389.4799999999996,86.188
20230720,1337.0,73.381
20230721,1398.760000000001,76.374
20230722,1102.96,57.33
20230723,1205.6400000000006,79.728
20230724,1210.6399999999994,65.207
20230725,1201.4000000000003,65.678
20230726,1225.7599999999998,83.754
20230727,1115.44,70.785
20230728,1055.3600000000001,85.444
20230729,830.6,47.269
20230730,983.1200000000005,76.035
20230731,1145.2399999999998,71.632
20230801,1155.5199999999998,65.031
20230802,1174.76,77.999
20230803,971.0799999999997,51.089
20230804,809.8400000000005,46.191
20230805,893.7199999999998,48.077
20230806,981.32,65.593
20230807,1119.7200000000003,63.898
20230808,1249.92,69.354
20230809,1519.2,102.101
20230810,1337.7599999999995,75.343
20230811,1387.6399999999999,75.922
20230812,1055.16,56.881
20230813,1307.76,79.644
20230814,1535.12,107.123
20230815,1551.5200000000002,120.128
20230816,1643.4400000000005,118.18
20230817,1452.5200000000002,90.714
20230818,1330.3199999999997,92.375
20230819,1031.1200000000003,58.769
20230820,1105.32,88.369
20230821,1113.4399999999996,66.391
20230822,1591.3999999999992,107.658
20230823,1790.2799999999995,125.635
20230824,1614.7599999999995,120.569
20230825,1401.1599999999996,102.129
20230826,1107.9600000000003,65.534
20230827,1131.4800000000002,75.693
20230828,1256.7199999999993,94.157
20230829,1167.7600000000002,87.697
20230830,1310.64,87.074
20230831,1333.7200000000003,96.984
20230901,1338.9600000000003,95.988
20230902,928.24,48.256
20230903,1051.9999999999995,74.599
20230904,1097.88,91.768
20230905,1409.4800000000002,105.239
20230906,1390.9599999999996,103.575
20230907,1064.6800000000003,84.8
20230908,1445.9200000000003,88.788
20230909,1111.8399999999997,56.193
20230910,1169.3199999999997,82.92
20230911,1401.1599999999999,100.013
20230912,1195.7999999999995,96.32
20230913,1095.2000000000003,71.009
20230914,977.68,72.996
20230915,809.3600000000002,59.116
20230916,636.7199999999999,36.753
20230917,605.1600000000003,32.97
20230918,734.2,47.46
20230919,690.3600000000002,42.671
20230920,954.0799999999998,60.432
20230921,1052.72,67.36
20230922,1164.9199999999996,72.469
20230923,872.36,46.33
20230924,852.5199999999999,52.671
20230925,934.3600000000002,61.102
20230926,849.1600000000002,61.751
20230927,967.8399999999998,74.291
20230928,911.9599999999999,66.84
20230929,842.7999999999998,68.127
20230930,611.04,39.691
20231001,639.0399999999997,37.826
20231002,802.0799999999999,49.562
20231003,771.6,53.464
20231004,1013.2800000000002,66.898
20231005,1073.28,71.866
20231006,1128.3999999999999,77.779
20231007,860.4399999999999,53.837
20231008,825.08,47.879
20231009,942.7600000000001,78.383
20231010,878.36,70.895
20231011,927.8399999999999,74.748
20231012,778.24,51.249
20231013,1066.64,81.307
20231014,766.9600000000002,56.6
20231015,667.6799999999998,57.361
20231016,905.2399999999996,75.036
20231017,863.7600000000001,71.866
20231018,747.3599999999999,64.017
20231019,601.3600000000001,54.21
20231020,584.4799999999999,48.717
20231021,478.5199999999999,28.341
20231022,610.5200000000001,47.503
20231023,825.4400000000004,66.012
20231024,770.5600000000002,65.801
20231025,952.7200000000006,67.568
20231026,961.8400000000003,69.722
20231027,842.8399999999997,76.977
20231028,651.72,35.543
20231029,572.9999999999999,36.475
20231030,640.9600000000002,54.953
20231031,857.84,80.756
20231101,991.6799999999997,72.205
20231102,836.1599999999999,66.948
20231103,775.5200000000001,62.057
20231104,586.1999999999997,34.086
20231105,569.9599999999999,35.07
20231106,545.4800000000001,47.619
20231107,479.9999999999998,27.699
20231108,593.2399999999998,40.03
20231109,494.5599999999998,28.909
20231110,528.9999999999998,31.38
20231111,464.5599999999999,33.342
20231112,496.6,33.1
20231113,641.0000000000003,40.942
20231114,726.4399999999997,48.052
20231115,753.0000000000001,61.781
20231116,696.9599999999998,46.028
20231117,758.8000000000001,54.757
20231118,535.0400000000001,33.762
20231119,577.8399999999999,44.003
20231120,707.72,53.113
20231121,631.28,46.559
20231122,630.92,42.19
20231123,620.3199999999999,44.014
20231124,532.4399999999999,28.322
20231125,473.96000000000004,30.4
20231126,520.6,40.961
20231127,586.1600000000001,44.024
20231128,576.92,43.578
20231129,621.2400000000001,46.414
20231130,664.0400000000001,47.362
20231201,714.6,49.171
20231202,509.75999999999993,40.803
20231203,525.0799999999999,36.323
20231204,600.5199999999999,44.856
20231205,536.3999999999999,33.92
20231206,557.6400000000002,41.443
20231207,585.92,41.135
20231208,698.0400000000003,51.382
20231209,520.5600000000001,33.934
20231210,584.2399999999999,33.12
20231211,582.3600000000001,40.633
20231212,641.72,42.14
20231213,696.0,46.268
20231214,583.0399999999998,38.448
20231215,537.4,34.738
20231216,484.1199999999999,30.9
20231217,486.68,33.446
20231218,535.0399999999998,38.721
20231219,572.3999999999997,36.96
20231220,509.8,28.324
20231221,467.67999999999995,25.293
20231222,476.39999999999986,28.516
20231223,540.6800000000003,35.112
20231224,480.84000000000015,30.274
20231225,449.63999999999993,30.4
20231226,455.47999999999996,27.364
20231227,456.8000000000002,27.042
20231228,441.8400000000001,28.322
20231229,429.15999999999985,26.242
20231230,447.88000000000005,29.282
20231231,466.6399999999999,33.911
20240101,476.08000087738037,29.600433349609375
20240102,494.399999499321,30.083829879760742
20240103,541.5600006580353,40.16510009765625
20240104,533.7600009441376,30.88663101196289
20240105,496.67999839782715,35.069576263427734
20240106,528.1199991703033,32.499305725097656
20240107,531.0800024271011,33.31843948364258
20240108,564.5999997854233,35.20909118652344
20240109,563.9199979305267,33.129661560058594
20240110,618.2399986982346,42.56481170654297
20240111,587.9999989271164,37.61225509643555
20240112,599.4399962425232,37.285491943359375
20240113,513.3599978685379,34.563331604003906
20240114,507.39999997615814,34.89320755004883
20240115,476.07999980449677,30.72166633605957
20240116,538.0799989700317,33.28615188598633
20240117,523.8799985647202,34.110408782958984
20240118,942.8800007400822,32.163581890081836
20240119,953.8399992640378,32.643529220965064
20240120,907.9999996705812,28.320451973794487
20240121,1019.5199983327427,32.321584119594135
20240122,978.8800001976391,28.48
20240123,1068.719998848421,32.48039408627919
20240124,1326.7200027853282,40.3355525560268
20240125,1179.44000184196,36.49718893284796
20240126,1002.5599999905988,28.80044444101514
20240127,961.9999975308137,29.121758188680847
20240128,1009.7599979848825,31.210254725009857
20240129,1102.4799999145362,33.120000000000005
20240130,1170.3199993927833,36.32
20240131,1194.0399991796692,40.16
20240201,1113.039998807042,37.62178092541606
20240202,998.6400000726617,31.043711118356967
20240203,931.9200007706124,28.64
20240204,1169.2799995410671,35.688968658447266
20240205,1126.639997687475,32.64627456665039
20240206,1168.2399978862109,40.32
20240207,1130.7199982483742,37.76033898152929
20240208,1140.9599990856086,37.12
20240209,1014.7199995666778,29.920000076293945
20240210,901.200001116935,25.9244441986084
20240211,1122.8800001916388,34.88330259594123
20240212,1332.2400001621875,39.851566314697266
20240213,1447.2799992896485,52.02977752685547
20240214,1194.559999641971,38.08000183105469
20240215,529.3999983072281,34.589988708496094
20240216,512.3200002908707,30.400421142578125
20240217,449.7199991941452,33.443443298339844
20240218,504.2799997329712,31.203691482543945
20240219,572.1599972248077,33.289615631103516
20240220,606.2800004482269,38.08033752441406
20240221,707.8800008296967,47.20244216918945
20240222,689.8000001907349,45.48054504394531
20240223,586.5999981164932,34.41822814941406
20240224,482.7199991941452,28.331296920776367
20240225,564.5999997854233,39.71901321411133
20240226,582.2000005245209,36.320350646972656
20240227,565.3999975919724,36.49263000488281
20240228,662.0800015926361,40.67148208618164
20240229,642.8399991989136,39.842891693115234
20240301,553.239998459816,40.660152435302734
20240302,514.0399997234344,27.68185043334961
20240303,536.0399984121323,32.96621322631836
20240304,551.7599980831146,36.16566467285156
20240305,578.0399987697601,36.31999969482422
20240306,584.4000002145767,37.94159698486328
20240307,566.0799976587296,35.05789566040039
20240308,540.1599998474121,35.69291305541992
20240309,661.1199996471405,40.16127395629883
20240310,731.1199958324432,41.761226654052734
20240311,701.799999833107,42.430179595947266
20240312,716.4399980306625,48.84430694580078
20240313,636.7599982023239,39.202938079833984
20240314,615.2799961566925,37.7599983215332
20240315,573.7200003862381,37.603065490722656
20240316,475.44000220298767,28.959999084472656
20240317,514.5199981927872,31.054841995239258
20240318,573.7200021743774,36.16884994506836
20240319,602.8800022602081,39.38633346557617
20240320,586.5999984741211,36.01279830932617
20240321,586.0399997234344,35.84321594238281
20240322,562.5999999046326,36.320350646972656
20240323,558.5599994659424,36.48876953125
20240324,583.5199978351593,34.400001525878906
20240325,640.2799987792969,37.123104095458984
20240326,635.4399969577789,43.52470397949219
20240327,653.5999978780746,38.720001220703125
20240328,698.9200011491776,40.96125030517578
20240329,582.0000017881393,35.688968658447266
20240330,540.8800002336502,35.5329704284668
20240331,579.2799979448318,38.092098236083984
20240401,528.560000538826,33.760379791259766
20240402,514.2800005674362,32.0015983581543
20240403,646.3600008487701,44.80457305908203
20240404,637.3999968767166,39.84000015258789
20240405,643.200001001358,39.04131317138672
20240406,584.7600009441376,40.171470642089844
20240407,597.3999989032745,32.47999954223633
20240408,588.6399997472763,35.84321594238281
20240409,898.0400011539459,66.57923126220703
20240410,823.3199987411499,50.732364654541016
20240411,858.8799991607666,51.52397537231445
20240412,904.9599974155426,68.16300201416016
20240413,843.360000371933,48.322383880615234
20240414,848.7999994754791,48.64105224609375
20240415,877.919998884201,50.562278747558594
20240416,858.9199969768524,49.91999816894531
20240417,1023.7999999523163,64.8001937866211
20240418,967.9599981307983,55.52576446533203
20240419,981.1999990940094,63.36505126953125
20240420,923.4400026798248,54.08378601074219
20240421,1991.6800007758447,64.003199920004
20240422,2048.4000016116142,58.08088302612305
20240423,1891.9200011312396,58.88543453180931
20240425,1940.1199981738494,57.290948674288856
20240426,1750.5600027304142,48.809441709570905
20240427,1762.5600013059013,49.120262145996094
20240428,1922.2400024231645,71.36017937197187
20240429,2043.920000173565,60.65034212599299
20240504,1980.2400005048155,65.44176036752067
20240505,2069.32000023225,64.80019753056312
20240506,1977.7199988454208,65.92077669445347
20240507,1984.1600029291483,59.361942291259766
20240508,1250.839997291565,75.84017181396484
20240509,1225.3999965190887,82.45606231689453
20240510,906.2400012016296,51.82246780395508
20240511,808.6799969673157,54.4848747253418
20240512,873.5200016498566,55.84825134277344
20240513,1001.9199993610382,57.04106521606445
20240514,1134.7200000286102,70.28099060058594
20240515,1212.6000051498413,71.9112319946289
20240516,1104.920003414154,65.82303619384766
20240517,1253.479999780655,72.75901794433594
20240518,1281.0399978160858,63.70893859863281
20240519,1259.9599986076355,78.81360626220703
20240520,1360.9599981307983,75.14653778076172
20240521,1431.920006275177,89.217041015625
20240522,1504.7600054740906,94.53874206542969
20240523,1295.5599989891052,65.35838317871094
20240524,1395.2799940109253,80.85717010498047
20240525,1167.3999996185303,64.50858306884766
20240526,1325.4399983882904,83.14413452148438
20240527,1447.7599968910217,86.63153839111328
20240528,1420.1199960708618,74.57716369628906
20240529,1497.840003490448,77.93051147460938
20240530,1225.1600031852722,82.55891418457031
20240531,1023.8800013065338,58.72544860839844
20240601,1092.9199969768524,61.979713439941406
20240602,1213.5199942588806,71.14370727539062
20240603,1249.759996175766,74.9553451538086
20240604,1408.9599967002869,80.76435089111328
20240605,1594.9999952316284,122.01445007324219
20240606,1280.4000012874603,78.9734115600586
20240607,1346.1200015544891,73.22932434082031
20240608,1270.4000000953674,62.437320709228516
20240609,1214.9600021839142,65.20662689208984
20240610,1201.1600046157837,68.05437469482422
20240611,1402.4399950504303,78.36815643310547
20240612,1490.7999987602234,106.21939849853516
20240613,1297.7600033283234,73.39798736572266
20240614,1288.399998664856,71.70160675048828
20240615,1061.2400007247925,56.5244026184082
20240616,1174.9600024223328,67.1018295288086
20240617,1350.759997844696,75.4747314453125
20240618,1406.64000248909,84.28781127929688
20240619,1511.639991760254,101.04566955566406
20240620,1301.719994544983,68.91618347167969
20240621,1294.7200005054474,81.1895523071289
20240622,1116.3999953269958,60.327640533447266
20240623,1281.4399995803833,74.6095962524414
20240624,1560.6400022506714,103.3349838256836
20240625,1419.1999926567078,89.56871032714844
20240626,1387.759993314743,90.19942474365234
20240627,1409.1999979019165,83.25552368164062
20240628,1415.920002937317,83.34771728515625
20240629,1118.9200022220612,61.372047424316406
20240630,1464.0000007152557,95.42494201660156
20240701,1613.2799985408783,97.07874298095703
20240702,1697.4800004959106,91.60736846923828
20240703,1909.7999868392944,117.6230697631836
20240704,1833.1600041389465,104.41615295410156
20240705,1626.7599921226501,79.93228912353516
20240706,1475.3600006103516,77.05574035644531
20240707,1575.5999908447266,107.48976135253906
20240708,1568.159993648529,88.44180297851562
20240709,1480.0400018692017,81.39472198486328
20240710,1626.7200000286102,106.50821685791016
20240711,1510.4000000953674,77.9924087524414
20240712,1409.7199981212616,80.9867172241211
20240713,1232.6400046348572,60.990230560302734
20240714,1367.5600054264069,96.68780517578125
20240715,1623.0399949550629,98.67681121826172
20240716,1783.8400025367737,115.79325103759766
20240723,1301.599993944168,86.43214416503906
20240724,1420.8399996757507,103.59947204589844
20240725,1156.8400025367737,61.719573974609375
20240726,1346.880005121231,76.81666564941406
20240727,1198.2399952411652,62.348697662353516
20240728,1435.0799961090088,97.85540008544922
20240729,1708.8799939155579,99.939697265625
20240730,1542.64000082016,86.51606750488281
20240731,1944.9600019454956,133.48306274414062
20240801,1785.5999994277954,105.91674041748047
20240802,1747.8800024986267,97.80725860595703
20240803,1412.4799962043762,67.98776245117188
20240804,1584.0799963474274,99.78062438964844
20240805,1401.7199914455414,73.38053894042969
20240806,1631.159996509552,105.80840301513672
20240807,1611.9599947929382,100.6186294555664
20240808,1393.3199965953827,74.80286407470703
20240809,1290.5599973201752,69.31121826171875
20240810,1113.5200016498566,68.65864562988281
20240811,1153.479995727539,79.52498626708984
20240812,1224.8399984836578,78.57759857177734
20240813,1051.1199989318848,62.322208404541016
20240814,1196.519999742508,85.03289031982422
20240815,1070.7999994754791,70.3281478881836
20240816,1103.4000034332275,74.12422180175781
20240817,1000.4799993038177,56.494503021240234
20240818,1147.840001821518,81.64014434814453
20240819,1225.879996061325,90.05669403076172
20240820,1136.1200001239777,64.07215881347656
20240821,1312.999993801117,85.28359985351562
20240822,1003.9599995613098,65.2807846069336
20240823,1036.3599994182587,60.5275993347168
20240824,733.9599995613098,44.15999984741211
20240825,779.559999704361,60.3219108581543
20240826,1020.5999994277954,63.105751037597656
20240827,994.0000011920929,62.96137237548828
20240828,1337.2799956798553,89.51567840576172
20240829,1351.0399961471558,81.8740463256836
20240830,1100.679991722107,78.81360626220703
20240831,819.6400022506714,46.08000183105469
20240901,840.9200023412704,66.72076416015625
20240902,1110.5199966430664,60.97700500488281
20240903,1204.1200017929077,76.22064971923828
20240904,1312.3200016021729,82.80908203125
20240905,1145.3999955654144,77.02649688720703
20240906,944.7999966144562,51.52024841308594
20240907,762.7599956989288,40.96281051635742
20240908,862.5600038766861,53.602149963378906
20240909,1045.5199978351593,71.14370727539062
20240910,868.4800028800964,49.78083038330078
20240911,1046.0399973392487,69.87458801269531
20240912,877.4000015258789,51.070335388183594
20240913,1003.6400020122528,65.79288482666016
20240914,1014.9599997997284,51.52024841308594
20240915,1007.3199956417084,70.56072235107422
20241204,552.2799999029994,38.08
20241205,563.2799999130003,36.640349343312764
20241206,619.7999999100001,45.63002520271055
20241207,493.51999989900025,28.324067504509305
20241208,574.9199999009998,31.841607999597006
20241209,592.7599999230001,35.525765297879225
20241210,625.0799998830001,37.44307679665227
20241211,620.7999999119994,38.09209891827963
20241212,616.9999998870002,34.88587106551877
20241213,507.7199999069997,31.043711118356967
20241214,485.51999990100006,26.24
20241215,570.4399999020001,33.6
20241216,586.5999999059994,34.72331781382649
20241217,540.3599999070003,36.508409990028326
20241218,488.0799999060003,27.040473368637613
20241219,451.4399999070001,27.2
20241220,445.99999989899993,28.48404465661434
20241221,372.8799999000005,20.80246139282561
20241222,390.3199999080004,22.085216775028496
20241223,371.279999901,21.92
20241224,361.7999998950003,21.285412845420687
20241225,467.319999903,27.130735338357493
20241226,502.63999989599984,30.165410655252153
20241227,425.0399998920004,25.51234995056316
20241228,392.7599998980002,23.040555548857757
20241229,393.79999990799996,24.968203780007883
20241230,395.91999990600044,23.84
20241231,395.519999892,26.47504485359751
20250101,375.75999991800006,29.365558057016386
20250102,369.5199999000002,23.042222115065204
20250103,412.07999989800027,23.68
20250104,436.9199999009998,26.88
20250105,557.479999905,32.009998437988095
20250106,558.5999999039998,33.76037914479042
20250107,533.2399999140002,34.083380114067324
20250108,619.9599998999995,38.56531083759082
20250109,631.4399999099999,38.201151815095834
20250110,593.7199999050002,31.214765736747086
20250111,579.7199999039999,35.057894973885695
20250112,556.7599998900001,36.09941827786149
20250113,580.1199999090002,37.15894508728686
20250114,552.799999896,33.41855771872868
20250115,546.3599998950004,38.62500744336498
20250116,493.3199999040002,29.342883293909615
20250117,456.3199998960001,29.962750207549373
20250118,409.39999989599994,22.402285597679537
20250119,481.2399999120002,28.975907233424117
20250120,584.3199998999994,34.867153597619634
20250121,650.5199999010006,46.69286883454475
20250122,576.8799998939998,32.376979476164855
20250123,474.399999921,25.764471661573037
20250124,441.23999990099975,24.173241404495176
20250125,441.439999896,26.56
20250126,481.1999999130003,27.36
20250127,555.9199999020002,29.992212322534662
20250128,552.7599999029998,32.99881209983171
20250129,535.8399999030004,35.52900786681216
20250130,512.9999999069997,28.97104761654297
20250131,518.4799998989998,33.21878986356968
20250201,484.15999988699997,28.00411398348464
20250202,631.7599998840005,41.81176867820829
20250203,764.1199998959999,47.809756326507255
20250204,716.4399999149999,50.661164613538055
20250205,639.1599999059999,42.6360223285428
20250206,644.8799998979999,40.67148386769285
20250207,594.2799999030001,33.61371148802226
20250208,513.9599999039998,30.09531525005179
20250209,545.9999999129999,33.814553079997964
20250210,554.5599999030002,36.00319985779042
20250211,576.95999991,38.08033613297026
20250212,733.8399998999997,47.109064945082494
20250213,762.0799998959999,50.961946587625555
20250214,574.439999904,34.39441815178736
20250215,509.1199998990001,30.080425528905007
20250216,547.6399999170002,36.9603463187238
20250217,571.9999999079998,34.14341517774694
20250218,591.3999999150008,35.5232430951905
20250219,626.0799998939996,37.21952175942082
20250220,529.7199999120003,32.67174926446394
20250221,527.7999998999999,30.630703550522636
20250222,578.7599999010004,41.9203053423994
20250223,631.7599999019999,37.47417243916135
20250224,531.879999897,30.08382954346072
20250225,519.7199999010002,32.801560938467546
20250226,638.6399999069996,49.54345163591249
20250227,558.6399999030001,34.16440252660655
20250228,560.5199999010002,32.31881185934904
20250301,448.4799999030002,24.324736380894244
20250302,464.359999902,31.52162432362901
20250303,504.11999990400017,30.7237497711461
20250304,535.9999998899997,30.580516673202236
20250305,624.5999998920004,40.40118810134177
20250306,592.719999909,34.74984892053489
20250307,546.6399998910001,30.058290037858107
20250308,524.0799998939995,35.361447934155635
20250309,553.4799998880003,32.52764977676684
20250310,557.9199999059998,33.773646530986255
20250311,613.1599999020002,39.6367506236321
20250312,736.639999902,58.278009574795874
20250313,619.6399999079999,40.720550094516156
20250314,535.3199999070001,32.27481990654634
20250315,503.8399998960003,30.250580159725864
20250316,502.4399999040002,29.971720004030466
20250317,527.5199999010002,33.60952246016001
20250318,498.879999906,30.5616753467476
20250319,572.11999989,36.11501626747523
20250320,539.5999998840001,30.96113693002891
20250321,495.3199999140001,29.761720380381238
20250322,455.119999905,27.681849649183487
20250323,453.599999892,29.93539710777193
20250324,508.79999990400034,29.930693276300836
20250325,500.9599999050001,32.03997503120126
20250326,520.6799998949999,30.00373310106594
20250327,526.6399999020001,29.155582655813962
20250328,509.7999999179999,29.79481834144991
20250329,480.9599998980003,26.244389876695553
20250330,488.51999990099966,29.60043242927373
20250331,531.0399999090004,32.48039408627919
20250401,546.8399999009997,35.73162184956065
20250402,499.2399999119995,29.290926922854457
20250403,493.07999990100024,29.76
20250404,528.2399999100003,33.91131964403627
20250405,460.75999990200006,27.2
20250406,518.5999999020003,39.68
20250407,580.2799999229997,36.229314097840714
20250408,595.279999911,45.211821462975806
20250409,619.3599998939999,46.36191540478025
20250410,476.19999991800046,27.84
20250411,433.7599998930001,30.77037536332633
20250412,378.2399998949999,23.04
20250413,394.3599998970002,27.20752836991997
20250414,474.23999991000034,30.255234257893292
20250415,468.3199999080005,31.530150649814537
20250416,511.4799999060002,33.29884082066521
20250417,479.27999988899984,30.45090474846355
20250418,450.59999991300054,24.8
20250419,424.1599998989999,27.68
20250420,426.0399999149999,25.440503139678665
20250421,460.99999992600056,28.336266514839245
20250422,437.4399999030001,28.80044444101514
20250423,493.4799999030003,28.80044444101514
20250424,437.7199998989995,24.642077834468424
20250425,399.7999999110003,26.104038001811137
20250426,402.59999991000024,27.36
20250427,427.5599999040002,27.04
20250428,532.359999894,35.883188264143975
20250429,823.7199999030005,65.01475524832804
20250430,780.1999999139998,40.287288317780835
20250501,867.3599999070007,69.31620301199425
20250503,859.2399998970009,55.68091953263703
20250504,738.8399999039997,43.681172145445
20250505,716.4399999059996,42.668433296759325
20250506,718.2399999120003,40.08183628528015
20250507,764.5199998979998,47.7186420594719
20250508,854.7599998979998,49.1327670704592
